id,email,name,cert
1,nourbassiouny.official@gmail.com,Nour,1.pdf
2,test@test.com,tester,2.pdf
3,user3@example.com,User 3,3.pdf
4,user4@example.com,User 4,4.pdf
5,user5@example.com,User 5,5.pdf
6,user6@example.com,User 6,6.pdf
7,user7@example.com,User 7,7.pdf
8,user8@example.com,User 8,8.pdf
9,user9@example.com,User 9,9.pdf
10,user10@example.com,User 10,10.pdf
11,user11@example.com,User 11,11.pdf
12,user12@example.com,User 12,12.pdf
13,user13@example.com,User 13,13.pdf
14,user14@example.com,User 14,14.pdf
15,user15@example.com,User 15,15.pdf
16,user16@example.com,User 16,16.pdf
17,user17@example.com,User 17,17.pdf
18,user18@example.com,User 18,18.pdf
19,user19@example.com,User 19,19.pdf
20,user20@example.com,User 20,20.pdf
21,user21@example.com,User 21,21.pdf
22,user22@example.com,User 22,22.pdf
23,user23@example.com,User 23,23.pdf
24,user24@example.com,User 24,24.pdf
25,user25@example.com,User 25,25.pdf
26,user26@example.com,User 26,26.pdf
27,user27@example.com,User 27,27.pdf
28,user28@example.com,User 28,28.pdf
29,user29@example.com,User 29,29.pdf
30,user30@example.com,User 30,30.pdf
31,user31@example.com,User 31,31.pdf
32,user32@example.com,User 32,32.pdf
33,user33@example.com,User 33,33.pdf
34,user34@example.com,User 34,34.pdf
35,user35@example.com,User 35,35.pdf
36,user36@example.com,User 36,36.pdf
37,user37@example.com,User 37,37.pdf
38,user38@example.com,User 38,38.pdf
39,user39@example.com,User 39,39.pdf
